{"iMetaD MLE k": [3.9121598447986023e-07, 2.581800622272335e-07, 1.227229497720064e-06, 9.666350232999275e-07, 1.2093429864394393e-06, 1.5146742818854487e-06, 1.4014691911013956e-06, 1.6542502258807666e-06], "iMetaD MLE std k": [0.1999562762139714, 0.142999884828059, 0.04539138534315732, 0.05724432329940454, 0.04972863914311824, 0.04764795902706114, 0.040674046760622355, 0.051561768135553514], "iMetaD CDF k": [2.7655205605767274e-06, 1.0996871106478352e-06, 1.3236728869327347e-06, 1.1606007281518038e-06, 1.2848853923880814e-06, 1.5908534801473762e-06, 1.3280137148658214e-06, 1.8589760911648012e-06], "iMetaD CDF std k": [0.06550561828606816, 0.09777814966982971, 0.0480009380320722, 0.07875769650952429, 0.04443938208228457, 0.042455522725570606, 0.03817822843490526, 0.04598258383840395], "iMetaD CDF KS klo": [2.7655205605767274e-06, 1.0996871106478352e-06, 1.0041085687013132e-06, 1.1606007281518038e-06, 1.1190883940364508e-06, 1.3232142899191901e-06, 1.104593695552863e-06, 1.4766371968895818e-06], "iMetaD CDF KS khi": [2.7655205605767274e-06, 1.0996871106478352e-06, 1.6664054342625678e-06, 1.2152981553364152e-06, 1.6175748717204763e-06, 2.0027658725987206e-06, 1.5966236580673272e-06, 2.3403122410851595e-06], "KTR Vmb MLE k": [3.586553863982147e-05, 7.466819414112495e-06, 8.046463036971674e-07, 1.6389147843395488e-06, 9.57485539173994e-07, 1.2961250221485695e-06, 9.577220234329021e-07, 1.8964801966900686e-06], "KTR Vmb MLE std k": [0.3223590773855283, 0.14144789708879382, 0.15391538187359788, 0.12628045743978086, 0.11202530146680979, 0.09715440120897938, 0.057894471589975814, 0.062072168174373984], "KTR Vmb MLE g": [0.46778549874643294, 0.45175212219446903, 0.8737124547651355, 0.633965397487989, 0.8210682096874817, 0.7837573315726627, 0.9999940391390134, 0.421990086628207], "KTR Vmb MLE std g": [0.11118143700722453, 0.05526804315224801, 0.07430162481738102, 0.0665077967556674, 0.08582180629514172, 0.10069676958674888, 0.06862473084020371, 0.17578957043696578], "KTR Vmb CDF k": [1.0181507300759984e-06, 3.110677178000928e-06, 8.074119236093058e-07, 2.3490955488062636e-06, 6.288548172169641e-07, 1.130183500467511e-06, 9.795411129184331e-07, 1.7843167217542166e-06], "KTR Vmb CDF std k": [0.17937566543760858, 0.258211171249721, 0.1706956012129569, 0.1426619138995539, 0.09428989679056594, 0.10896611650549372, 0.05547520684252958, 0.07878294908201598], "KTR Vmb CDF g": [0.9999999984295785, 0.6199699850018203, 0.8762836436381212, 0.5230810453679234, 0.9999999999998016, 0.8902431079433709, 0.9999999999676134, 0.6314464017639577], "KTR Vmb CDF std g": [0.05728789260323095, 0.1051817215735646, 0.09184987090071485, 0.0774490736471738, 0.07028933788845054, 0.11524519821515561, 0.06804837972804928, 0.25517973176305514], "KTR Vmb CDF KS klo": [8.862719048547917e-07, 7.392307787686507e-07, 4.631436246895994e-07, 8.496050954285084e-07, 5.978896143857723e-07, 9.216742802098825e-07, 9.638689911584702e-07, 1.5249652065572842e-06], "KTR Vmb CDF KS khi": [2.3256175021307933e-06, 6.210748301134759e-06, 4.198686589599773e-06, 5.2273542673844025e-06, 2.505172046449139e-06, 2.9744744649410877e-06, 1.9185347157340106e-06, 2.3215542956215835e-06], "KTR Vmb CDF KS glo": [0.8799999984294765, 0.4999699850017335, 0.43628364363812067, 0.26308104536792065, 0.4199999999997997, 0.2902431079433687, 0.13999999996761153, -0.00855359823604258], "KTR Vmb CDF KS ghi": [1.019999998423963, 0.8599699849921232, 1.0162836436288172, 0.8230810453579736, 1.0199999999949327, 1.0102431079346452, 1.0199999999661962, 1.011446401754095], "EATR MLE k": [4.471587273031677e-05, 1.0212772862411979e-05, 1.4747478743137421e-06, 2.104266297655314e-06, 1.5033741327498893e-06, 1.9568293386411323e-06, 1.4017351657119734e-06, 2.325416298435566e-06], "EATR MLE std k": [0.4290535843441948, 0.15198464989540264, 0.1535894967238154, 0.1332910804242618, 0.08064016634914088, 0.0833478708473386, 0.046857202535474166, 0.04908212745874257], "EATR MLE g": [0.5325524180921348, 0.5367485665476477, 0.9579946761437348, 0.7761547137311776, 0.9126958406484904, 0.8513096015646374, 0.9999940391390134, 0.19249284363204353], "EATR MLE std g": [0.14237095185070645, 0.07144798907035561, 0.09344447982316109, 0.09004484997954244, 0.08593251925864044, 0.130959177861449, 0.10772332776267354, 0.19574152116126678], "EATR CDF k": [3.0333508055394247e-06, 3.968822720967448e-06, 1.2358164230391544e-06, 2.528347359142995e-06, 1.2607356688668597e-06, 1.576706648245372e-06, 1.3222561090459479e-06, 1.8779225814190106e-06], "EATR CDF std k": [0.37372460321673423, 0.22796017779623956, 0.06708746036870816, 0.12204793816743083, 0.04194754663381261, 0.04206886453589978, 0.04301479363369898, 0.051178420413898876], "EATR CDF g": [0.8823842427987939, 0.7200431003112422, 0.9999999980304023, 0.6988180772670908, 0.9999999999999382, 0.9999999993029738, 0.9999993256956768, 0.9403764490726705], "EATR CDF std g": [0.12208671952854154, 0.09691190834226032, 0.026898896073886937, 0.08432163425849139, 0.014088063371306999, 0.030941865563042, 0.004214707748505853, 0.22444642265110068], "EATR CDF KS klo": [3.0333508055394247e-06, 2.0048713985465614e-06, 1.1535175780164768e-06, 1.0216851709566097e-06, 1.2129083574416531e-06, 1.5380362284314733e-06, 1.308504335344133e-06, 1.8520591632194902e-06], "EATR CDF KS khi": [3.0333508055394247e-06, 6.813492970199947e-06, 4.110024396081057e-06, 5.156167053934871e-06, 2.658167273187681e-06, 3.1240806490764615e-06, 1.9495286883920306e-06, 2.323111494991809e-06], "EATR CDF KS glo": [0.8823842427987939, 0.6200431003112356, 0.6199999980304011, 0.39881807726709034, 0.5799999999999365, 0.3999999993029729, 0.1999993256956762, -0.019623550927330192], "EATR CDF KS ghi": [0.8823842427987939, 0.8400431003015824, 1.0199999980303516, 1.018818077257274, 1.01999999999978, 1.0199999992993143, 1.0199993256951543, 1.000376449063352]}