{"iMetaD MLE k": [4.2862999398023944e-11, 2.771738435700798e-10, 2.2443026546566168e-09, 3.5638323938291388e-09, 2.625815422173507e-08, 6.208245361134579e-08, 3.504780484339455e-07, 5.719523515312471e-07], "iMetaD MLE std k": [0.1958124857608366, 0.19630022893749077, 0.09427023435208635, 0.16703951232572314, 0.09427992353239327, 0.07991572280272023, 0.10262153592863124, 0.0601399945062569], "iMetaD CDF k": [8.041127227815863e-10, 3.147836569040713e-09, 1.0144856103296081e-08, 2.9506442795096707e-08, 9.049174014636032e-08, 1.7612805550088546e-07, 7.034551260858128e-07, 7.926763543535996e-07], "iMetaD CDF std k": [0.17267804607345508, 0.18335833982993416, 0.12693556324068905, 0.11450996387471808, 0.12810627076227235, 0.1289086778321748, 0.06506993632103329, 0.0799798668746996], "iMetaD CDF KS klo": [8.041127227815863e-10, 3.147836569040713e-09, 1.0144856103296081e-08, 2.9506442795096707e-08, 9.049174014636032e-08, 1.7612805550088546e-07, 5.587742685114907e-07, 6.903922432611095e-07], "iMetaD CDF KS khi": [8.041127227815863e-10, 3.147836569040713e-09, 1.0144856103296081e-08, 2.9506442795096707e-08, 9.049174014636032e-08, 1.7612805550088546e-07, 7.366079447971997e-07, 8.691523391469911e-07], "KTR Vmb MLE k": [3.882501309110498e-06, 6.894727863680181e-06, 1.4970751161288472e-06, 1.6611143417164149e-06, 1.8831261636860179e-06, 1.4452393734751496e-06, 1.7761771326583414e-06, 1.3838443395778484e-06], "KTR Vmb MLE std k": [0.24255109891651155, 0.17914997337869693, 0.17159340588708163, 0.15294773455064764, 0.1222590809651387, 0.1261235188895408, 0.09711283780624362, 0.08994315341648056], "KTR Vmb MLE g": [0.3103763948668024, 0.25404432605468896, 0.29181046495096974, 0.2567897680178227, 0.24825735588530815, 0.2782046197834564, 0.2597902726765717, 0.34874413878369076], "KTR Vmb MLE std g": [0.03483456463539325, 0.03525999657334269, 0.03985935207550249, 0.041945137325431675, 0.041886771525702714, 0.04856876370952563, 0.09484167169631355, 0.0838410843139334], "KTR Vmb CDF k": [2.5896274506194818e-06, 8.402360430060349e-06, 1.7891537842704854e-06, 1.6049787655779473e-06, 2.3700719986608355e-06, 1.9338590547813046e-06, 1.4776956540708583e-06, 1.5118340361986454e-06], "KTR Vmb CDF std k": [0.3361133916455564, 0.19591100651480858, 0.20847255346672625, 0.1894865074715152, 0.13345858378017517, 0.09223288352504726, 0.10774715632097041, 0.09549158119620438], "KTR Vmb CDF g": [0.34306433603862313, 0.23733557208306333, 0.269836360923171, 0.26287722173640227, 0.20501801280418433, 0.2190693363538297, 0.36833842565751046, 0.2982078701373554], "KTR Vmb CDF std g": [0.05060790438709204, 0.04085531889184777, 0.05322240601108991, 0.05747798171282957, 0.04881446617270221, 0.0445184747095699, 0.10464552078365644, 0.1023006207120778], "KTR Vmb CDF KS klo": [1.1646798693021169e-07, 1.6914736415363396e-06, 2.1190315354275543e-07, 2.934280503095911e-07, 5.820754452723966e-07, 5.394645553703819e-07, 6.332917084172239e-07, 5.509689459302681e-07], "KTR Vmb CDF KS khi": [2.116562802882222e-05, 2.160841516059151e-05, 7.028167876357319e-06, 6.034301484870177e-06, 6.2760739132294854e-06, 4.543912417272726e-06, 3.0052497088267774e-06, 2.2976850294799537e-06], "KTR Vmb CDF KS glo": [0.20306433603861831, 0.13733557208306332, 0.08983636092317096, 0.0628772217364023, 0.0050180128041843524, -0.0009306636461738608, -0.01166157434249009, -0.0017921298626450415], "KTR Vmb CDF KS ghi": [0.5430643360316033, 0.3973355720737722, 0.5298363609134081, 0.5028772217273598, 0.46501801279531574, 0.5190693363444142, 0.788338425647842, 0.9582078701280844], "EATR MLE k": [1.3577749967757534e-05, 7.5401189645944865e-06, 2.431849413513826e-06, 2.40474538115529e-06, 2.5478381005750114e-06, 1.6782391777221824e-06, 1.997511760688577e-06, 1.581260511466106e-06], "EATR MLE std k": [0.2387828829968825, 0.18548398640064123, 0.14627173879775351, 0.13324829900651794, 0.11881466806582984, 0.10087463944833111, 0.09700553201037404, 0.08709421714623827], "EATR MLE g": [0.30310721707918936, 0.2822626373952592, 0.30673298462341786, 0.28963464901945224, 0.2927003409542236, 0.36989281820756253, 0.33257618078784723, 0.4213101211440632], "EATR MLE std g": [0.03992116049054308, 0.039030056556928365, 0.041048570418309505, 0.048200764294410774, 0.059417554132062865, 0.05419235817492229, 0.13129163780954706, 0.12753533143207], "EATR CDF k": [4.554471332867493e-06, 7.89111041516083e-06, 2.247340505036019e-06, 2.0097540470529735e-06, 2.3799129522580116e-06, 1.865530809378395e-06, 1.4460327018172129e-06, 1.5087342470851205e-06], "EATR CDF std k": [0.36997216862498694, 0.2090616377324364, 0.18952864239342676, 0.14641612179743493, 0.12483132410608544, 0.09582573119565636, 0.11030492885729282, 0.0988542941071181], "EATR CDF g": [0.3863286814781539, 0.2779575007706886, 0.3168306054998084, 0.32124952531232603, 0.3040398725788838, 0.3445510649165345, 0.5463586479446514, 0.4412998021732753], "EATR CDF std g": [0.059726081263823796, 0.04191372524934217, 0.05737072467386902, 0.057828231775452356, 0.06177775223346672, 0.05795550088943173, 0.13647342655794018, 0.1561530053673885], "EATR CDF KS klo": [2.2411737820313977e-07, 1.5181002004157242e-06, 3.332422048607933e-07, 5.54748611291628e-07, 5.91465672047678e-07, 6.008276568718409e-07, 6.909023165476435e-07, 7.925703710162604e-07], "EATR CDF KS khi": [3.7572456318838366e-05, 2.2921288007883197e-05, 8.242014686331681e-06, 6.416738179802442e-06, 6.350119182633197e-06, 4.484502568221087e-06, 2.9885518262863107e-06, 2.3285664522663477e-06], "EATR CDF KS glo": [0.2263286814781538, 0.1579575007706886, 0.09683060549968221, 0.0812495253123252, 0.0040398725788827194, 0.004551064916533622, -0.013641352055349007, -0.01870019782672502], "EATR CDF KS ghi": [0.586328681471162, 0.43795750076074147, 0.5768306054901288, 0.5412495253023856, 0.624039872569337, 0.6845510649067739, 1.0063586479350548, 1.001299802163308]}