{"iMetaD MLE k": [2.9825109284412265e-08, 2.1457512038716012e-08, 9.014160109795008e-08, 3.140668413371407e-07, 3.7684190906969543e-07, 6.173413144592372e-07, 1.0443226115994476e-06, 1.1370588764631726e-06], "iMetaD MLE std k": [0.2776140563422197, 0.14849578955058648, 0.1652448854405646, 0.07094474420153571, 0.08071407650121667, 0.05509657678106035, 0.05010675124603697, 0.05481642062094089], "iMetaD CDF k": [7.888243099608107e-07, 1.6005506284543393e-07, 3.7599977292907465e-07, 5.606545034284026e-07, 7.260510330426035e-07, 8.224342707500967e-07, 1.1439966231692297e-06, 1.2716407605263012e-06], "iMetaD CDF std k": [0.09912741128403141, 0.20925583729898778, 0.1052163348807378, 0.07349578271005179, 0.08868039596116281, 0.07234642432743894, 0.05365394652980735, 0.04730027066045588], "iMetaD CDF KS klo": [7.888243099608107e-07, 1.6005506284543393e-07, 3.7599977292907465e-07, 4.883096590310454e-07, 7.260510330426035e-07, 6.532827624616763e-07, 8.678101842452894e-07, 1.107552801922468e-06], "iMetaD CDF KS khi": [7.888243099608107e-07, 1.6005506284543393e-07, 3.7599977292907465e-07, 5.606545034284026e-07, 7.260510330426035e-07, 8.611944037978492e-07, 1.4402064199144596e-06, 1.6009008680998226e-06], "KTR Vmb MLE k": [2.5038821264381777e-05, 3.936201729552673e-06, 1.984555494852495e-06, 1.43306159452275e-06, 2.066174158687136e-06, 1.3187585225564404e-06, 1.2109229899294278e-06, 1.3087155050974006e-06], "KTR Vmb MLE std k": [0.11775293954501184, 0.11862738933543389, 0.11257697136559229, 0.11549236888326486, 0.10098960459624297, 0.10453800647781444, 0.0815973318128178, 0.07357527303884598], "KTR Vmb MLE g": [0.3076518760255346, 0.28639426304724586, 0.2608741040503724, 0.3485091112688535, 0.1803691803319924, 0.3216001757607936, 0.4011975097506286, 0.31927725579715255], "KTR Vmb MLE std g": [0.030652913395049417, 0.03427573116712261, 0.05172587585778117, 0.05632771764767066, 0.06273870772109338, 0.09202128551091376, 0.14445715056540306, 0.23407446671761403], "KTR Vmb CDF k": [2.158014720134151e-05, 4.657973579143762e-06, 1.8002104473226035e-06, 1.249334983849925e-06, 2.2723116859726625e-06, 1.3264714311782597e-06, 1.1061218123525595e-06, 1.1808586009987973e-06], "KTR Vmb CDF std k": [0.19406794654823456, 0.14970255827218967, 0.12132565254694332, 0.14381502590139972, 0.12020281142037728, 0.11439182979769283, 0.10029580570464772, 0.07666690960513597], "KTR Vmb CDF g": [0.3445159879499692, 0.26816308388400345, 0.2985111891964857, 0.3974790809305155, 0.14126756894300438, 0.31776861636816767, 0.5305341633477292, 0.6057609437520943], "KTR Vmb CDF std g": [0.07083574120360496, 0.04396472296919374, 0.05810806815862494, 0.0876959186454036, 0.08636619049455949, 0.09909156217214787, 0.2290753445352116, 0.30150031770309316], "KTR Vmb CDF KS klo": [1.0946391104478996e-05, 1.0516046080269196e-06, 5.383250621519032e-07, 2.793527899377914e-07, 7.681535896777792e-07, 5.032326904226259e-07, 7.66941500389121e-07, 9.967638434490854e-07], "KTR Vmb CDF KS khi": [3.234260278286627e-05, 1.6707894463573776e-05, 3.7325803520276916e-06, 2.954964851372229e-06, 3.288083053836999e-06, 2.3645360592376813e-06, 1.6374016609012023e-06, 1.5399220542138096e-06], "KTR Vmb CDF KS glo": [0.28451598794994715, 0.0681630838840035, 0.11851118919648437, 0.13747908093051436, -0.018732431056996072, -0.002231383631833214, -0.009465836652271076, -0.014239056248325164], "KTR Vmb CDF KS ghi": [0.44451598793997965, 0.48816308387418766, 0.5785111891866531, 0.8174790809221334, 0.5812675689330824, 0.8177686163582841, 1.0105341633381857, 1.005760943742479], "EATR MLE k": [5.4147974256358824e-05, 7.528001688729951e-06, 2.8395682641752418e-06, 2.014643934005656e-06, 2.442659294676291e-06, 1.8755749597125533e-06, 1.4364327695438459e-06, 1.5065200233551501e-06], "EATR MLE std k": [0.11093173540145705, 0.1009231220059009, 0.09929156872413657, 0.12059202514379842, 0.09650125088708139, 0.09974487016077313, 0.06976971118734428, 0.05032794843177408], "EATR MLE g": [0.31426136088896156, 0.3216149793778305, 0.3445044792937316, 0.477419065208353, 0.25183105172463616, 0.33821359030359754, 0.4850810480675501, 0.23692832443238745], "EATR MLE std g": [0.04193616144654547, 0.039831596787842725, 0.08156672954460223, 0.1032216742900591, 0.12201838848876134, 0.1718703999626523, 0.2666326536121256, 0.25602927706413603], "EATR CDF k": [2.8162090043432785e-05, 6.257047576406803e-06, 1.9586699016885518e-06, 1.3351203872927588e-06, 2.2670828905242404e-06, 1.3885594552822656e-06, 1.1712116559730773e-06, 1.2703131809223305e-06], "EATR CDF std k": [0.21119268559107315, 0.13789398957083218, 0.11778703456209437, 0.1312065493601834, 0.09954311310608364, 0.10132481308368188, 0.07248924060278207, 0.05886975223312828], "EATR CDF g": [0.4296715194862556, 0.36019106617270785, 0.488983210517087, 0.6479955806452579, 0.27773289859966416, 0.5539712701587775, 0.9329408554652338, 0.9999999999999993], "EATR CDF std g": [0.0866261477786194, 0.057001751995842904, 0.08638165561469986, 0.11936402122733367, 0.12181706799329586, 0.1528165477087042, 0.23173894980796986, 0.3026117983587226], "EATR CDF KS klo": [1.7210602327141742e-05, 2.2304611644654258e-06, 8.373912937045177e-07, 5.27180662336122e-07, 9.091158630743772e-07, 8.008011035711439e-07, 1.1351378492783008e-06, 1.2652472406044779e-06], "EATR CDF KS khi": [2.8162090043432785e-05, 1.6960826098747894e-05, 3.7382940876939725e-06, 2.946121645142034e-06, 3.1599137753385994e-06, 2.36695718087848e-06, 1.6304182561396252e-06, 1.5302521938573685e-06], "EATR CDF KS glo": [0.4296715194862556, 0.12019106617270546, 0.22898321051708678, 0.2679955806452572, -0.002267101400335885, -0.006028729841222781, -0.007059144538316725, -1.3004175570917148e-15], "EATR CDF KS ghi": [0.5096715194762598, 0.5601910661627585, 0.768983210507101, 1.0079955806353607, 0.8777328985897231, 1.0139712701496857, 1.0129408554556112, 1.019999999999527]}