{"iMetaD MLE k": [0.00015197946268013471, 0.00026540354052860126, 0.0005530893421013432, 0.0007841522127775794, 0.0010930647657091317, 0.0015888386340048057], "iMetaD MLE std k": [0.05891398769023571, 0.09304374479905074, 0.05386442041543119, 0.054879162661081504, 0.04930518513654293, 0.04066299051527649], "iMetaD CDF k": [0.00034720055287454875, 0.0006477035093402494, 0.0008444393010804384, 0.0012126643290995788, 0.0015271377727287263, 0.0019473396953239796], "iMetaD CDF std k": [0.07341635794480847, 0.0602147360572657, 0.04787761038051559, 0.03975964337947633, 0.04934354324416453, 0.036300692037745545], "KTR Vmb MLE k": [0.0034221535667061345, 0.003677936383073797, 0.0016995907262923108, 0.00223335478231957, 0.0030404039794567684, 0.0025194042467738464], "KTR Vmb MLE std k": [0.19397293812128671, 0.16593671478669525, 0.149804117442497, 0.17946114107283273, 0.1132257929246835, 0.11270437713942114], "KTR Vmb MLE g": [0.516551889380223, 0.5140749487272774, 0.6476784897132482, 0.6226558646599146, 0.5661097617227936, 0.6388264399380137], "KTR Vmb MLE std g": [0.0511749170609016, 0.05477311972824409, 0.05208831164549418, 0.07534069310974326, 0.052026531008087434, 0.06804788773851848], "KTR Vmb CDF k": [0.0025850482514628396, 0.002513295584573181, 0.0014256548046229444, 0.0018070630973411198, 0.0026160155089550055, 0.0022385997993828255], "KTR Vmb CDF std k": [0.23874409377984274, 0.16013789328099104, 0.1669438165601339, 0.16684389555876855, 0.1286771474617899, 0.11256772567925698], "KTR Vmb CDF g": [0.5605081682556635, 0.5809384346720573, 0.6826697313155368, 0.6712557215087167, 0.6069912221852642, 0.6802749916635067], "KTR Vmb CDF std g": [0.06500664153657733, 0.056463798729411825, 0.06145880992620503, 0.07273842808648805, 0.058807512389431736, 0.06626701061130032], "EATR MLE k": [0.0062930928339470565, 0.007449101514238017, 0.0030939203328860768, 0.0037359056537087003, 0.004049361043288596, 0.0032264535883297528], "EATR MLE std k": [0.1854489516237782, 0.1485201891910424, 0.14256252873184205, 0.16294286553822812, 0.11376653794647039, 0.10376077532601412], "EATR MLE g": [0.5652869257481387, 0.5496843457258745, 0.7272288316467153, 0.7153263930184508, 0.7038809239054811, 0.804019602990407], "EATR MLE std g": [0.05558747854041483, 0.0614667721712196, 0.06016621545893754, 0.08285286138749706, 0.06624974900572393, 0.07881307139718177], "EATR CDF k": [0.004712846298969209, 0.004451128373497511, 0.0022016570421555617, 0.0026836326777630645, 0.0032509835119411455, 0.002752409600749722], "EATR CDF std k": [0.21859787632231126, 0.15398674313777486, 0.15455141314821488, 0.14480154593172928, 0.11341958702453181, 0.09942633827115026], "EATR CDF g": [0.6163531603394262, 0.6523666752123473, 0.7977711727627308, 0.7998021357972319, 0.7738572862946876, 0.8695602624100062], "EATR CDF std g": [0.06723997443125428, 0.06474382297929601, 0.06596522853002591, 0.07543689677700337, 0.061972124409148024, 0.07013609827229125]}