{"iMetaD MLE k": [1.6075660456923385e-10, 7.673259259610197e-09, 1.1568423441614535e-07, 2.2019338051594457e-07, 2.8582653249996737e-07, 5.922371220150277e-07, 1.1247189937053152e-06, 1.2025503270479176e-06], "iMetaD MLE std k": [0.13336539869511016, 0.15609667019155612, 0.07819742129817948, 0.140483520608411, 0.09917725245518498, 0.0740105397616529, 0.06169072684835714, 0.05527704037328317], "iMetaD CDF k": [1.8440853828329034e-09, 5.866127896557936e-08, 2.9637374849479836e-07, 5.717678326926843e-07, 5.816278349905351e-07, 8.744366460615158e-07, 1.4015639281113576e-06, 1.3589798785054403e-06], "iMetaD CDF std k": [0.18728382426274878, 0.11412738204364956, 0.07263737914538809, 0.0843978323530735, 0.10371853307986777, 0.07786275688307316, 0.06996872470794346, 0.04772960809969147], "iMetaD CDF KS klo": [1.8440853828329034e-09, 5.866127896557936e-08, 2.9637374849479836e-07, 5.717678326926843e-07, 5.816278349905351e-07, 6.945897174442653e-07, 1.165770098287376e-06, 1.030891660750112e-06], "iMetaD CDF KS khi": [1.8440853828329034e-09, 5.866127896557936e-08, 2.9637374849479836e-07, 5.717678326926843e-07, 5.816278349905351e-07, 8.744366460615158e-07, 1.6092106998204521e-06, 1.7108543031674495e-06], "KTR Vmb MLE k": [8.394319596332876e-07, 3.0113981966547805e-06, 1.823638319321781e-06, 3.259404429647747e-06, 2.751933967998388e-06, 2.4476584709803367e-06, 2.466430663851031e-06, 1.6980083730692463e-06], "KTR Vmb MLE std k": [0.6626120287952351, 0.3722494368178272, 0.18200606838175887, 0.22282710226170996, 0.13670731460259322, 0.1209424713383258, 0.1019428493120971, 0.10082040927195315], "KTR Vmb MLE g": [0.5296802532322793, 0.44101416298251755, 0.5402298965348344, 0.4824860358894489, 0.47781847777399844, 0.5361788547618631, 0.5454472998762749, 0.6706062963558692], "KTR Vmb MLE std g": [0.11534472883136776, 0.08203781345038601, 0.05006934458435468, 0.08930489404269648, 0.05961802874431314, 0.06049259913642937, 0.08018004625202806, 0.10988150773753248], "KTR Vmb CDF k": [4.3120546786015463e-07, 8.971066371495301e-07, 1.4829837765032767e-06, 1.8006693545800697e-06, 2.8814655538540406e-06, 2.4419785354452673e-06, 2.4536808819608775e-06, 1.5011677890517093e-06], "KTR Vmb CDF std k": [0.6259493516149485, 0.37788689780523593, 0.26727641761089455, 0.17459021824049784, 0.15067981695044597, 0.13462988420585287, 0.10406756461444945, 0.11470878402588597], "KTR Vmb CDF g": [0.584923710677872, 0.5679789827474493, 0.5819000409740858, 0.6037285247557134, 0.47999030179645885, 0.5462365650769582, 0.5487179824105505, 0.7652251021481344], "KTR Vmb CDF std g": [0.10903975146753725, 0.08849231132848256, 0.0900217273198982, 0.07200918479048708, 0.0674452935890458, 0.0758497044796221, 0.09961860412061312, 0.13238004856891672], "KTR Vmb CDF KS klo": [1.1089858519135083e-07, 5.91258803007991e-07, 3.250943679768113e-07, 5.809779327735482e-07, 7.017203027306608e-07, 7.338376365754706e-07, 9.711934041367009e-07, 1.040397712754344e-06], "KTR Vmb CDF KS khi": [7.416708041379005e-07, 3.8021977763194913e-06, 6.456174428746476e-06, 5.375126170624671e-06, 6.951823512262046e-06, 6.485081771524011e-06, 4.882414217123913e-06, 3.2873665770214946e-06], "KTR Vmb CDF KS glo": [0.5449237106738438, 0.42797898274734253, 0.3619000409740853, 0.4037285247557114, 0.27999030179636575, 0.26623656507695775, 0.1687179824105494, 0.20522510214813314], "KTR Vmb CDF KS ghi": [0.6849237106720499, 0.6079789827379392, 0.8019000409663576, 0.8037285247462245, 0.7799903017880745, 0.866236565067152, 1.0087179824005792, 1.0052251021398566], "EATR MLE k": [3.53627542422002e-06, 2.5577917354905753e-06, 2.706719054670234e-06, 4.155271006581242e-06, 3.2306479605541564e-06, 3.056827815815298e-06, 2.855699750164306e-06, 1.9786122096163208e-06], "EATR MLE std k": [0.8431496524601267, 0.39920631759764136, 0.21288705201680114, 0.19364277012351466, 0.1479127634197699, 0.14636216755010376, 0.112167733765594, 0.10281343376211281], "EATR MLE g": [0.4636712406312571, 0.555436888112815, 0.60791763535817, 0.5697440733274148, 0.565003306479031, 0.6154933901866853, 0.5984508510796945, 0.7232004837087653], "EATR MLE std g": [0.15296284347423503, 0.0892747224365574, 0.07659460403392006, 0.09374935173416214, 0.08051993658858497, 0.096500929503298, 0.13465356833932243, 0.1486917799079076], "EATR CDF k": [4.536411078327006e-08, 3.156461840344956e-07, 1.2554235588006422e-06, 1.4763987792835558e-06, 2.585272091008187e-06, 2.1780817418534226e-06, 2.3874445215580226e-06, 1.4975049938677313e-06], "EATR CDF std k": [0.25333717122256305, 0.5496195824293388, 0.30299076174134926, 0.20569897907034482, 0.14538093994860318, 0.1520002363759614, 0.13803564507533622, 0.08839355914070517], "EATR CDF g": [0.7005838793607838, 0.7341241636539189, 0.7299097165841657, 0.7763842042119303, 0.6236670001694296, 0.7091375967887426, 0.6804871290910821, 0.9161711791677916], "EATR CDF std g": [0.03957192188570602, 0.11436592743447685, 0.11542166059193482, 0.09889763372679694, 0.08150846277368683, 0.0845310474678534, 0.1453745850229673, 0.10493248519377812], "EATR CDF KS klo": [4.536411078327006e-08, 7.91260094834717e-08, 5.014990898297799e-07, 5.67538423481581e-07, 6.633331827055101e-07, 7.890705503187058e-07, 1.3675696447516255e-06, 1.3125138277579e-06], "EATR CDF KS khi": [4.536411078327006e-08, 1.520777433964637e-06, 4.900576298125301e-06, 4.0237668926691045e-06, 6.431579624888758e-06, 5.726642768974812e-06, 4.819990854857107e-06, 3.2116983337410334e-06], "EATR CDF KS glo": [0.7005838793607838, 0.5941241636536786, 0.5099097165841625, 0.5763842042114311, 0.38366700016942723, 0.38913759678873994, 0.22048712909108112, 0.27617117916779066], "EATR CDF KS ghi": [0.7005838793607838, 0.8541241636475748, 0.8699097165761559, 0.9563842042040069, 0.943667000159472, 1.0091375967787835, 1.0004871290815995, 1.0161711791617056]}