{"iMetaD MLE k": [1.3493717116864412e-07, 4.144140527889165e-07, 8.810990165770038e-07, 9.735460984759944e-07], "iMetaD MLE std k": [0.18079838436539544, 0.06929440830187496, 0.04530265008351274, 0.041306090859938305], "iMetaD CDF k": [7.8135696239246e-07, 6.862627067775592e-07, 8.842936782056358e-07, 9.848517337956515e-07], "iMetaD CDF std k": [0.10496068152503304, 0.07645524519233772, 0.047837049247273375, 0.05212482249541539], "iMetaD CDF KS klo": [], "iMetaD CDF KS khi": [], "KTR Vmb MLE k": [9.255312093517495e-08, 2.815067468695177e-07, 5.721610275119584e-07, 5.79023797756992e-07], "KTR Vmb MLE std k": [0.18460584474968825, 0.0598574727836337, 0.04679750308455854, 0.04297172635399153], "KTR Vmb MLE g": [1.0000000000038196, 1.0000000000038196, 1.0000000000038196, 1.0000000000038196], "KTR Vmb MLE std g": [2.220446049250313e-16, 2.220446049250313e-16, 2.220446049250313e-16, 2.220446049250313e-16], "KTR Vmb CDF k": [5.229236386330188e-07, 4.5929478817071953e-07, 5.642946309632289e-07, 5.724782596323045e-07], "KTR Vmb CDF std k": [0.11470774233473267, 0.08157294401217169, 0.041915540365317784, 0.044340219294402405], "KTR Vmb CDF g": [1.0000000000008786, 1.0000000000036615, 1.0000000000082825, 1.0000000000081597], "KTR Vmb CDF std g": [6.11001799237499e-13, 1.3457314191514954e-12, 2.2514851066675206e-12, 2.6051086774172003e-12], "KTR Vmb CDF KS klo": [], "KTR Vmb CDF KS khi": [], "KTR Vmb CDF KS glo": [], "KTR Vmb CDF KS ghi": [], "EATR MLE k": [1.3368216607504295e-07, 4.1374342869606763e-07, 8.825190707478413e-07, 9.726859214117926e-07], "EATR MLE std k": [0.17455058312558736, 0.07667842328961258, 0.045637252446743985, 0.04567199367168566], "EATR MLE g": [1.0000000000038196, 1.0000000000038196, 1.0000000000038196, 1.0000000000038196], "EATR MLE std g": [2.220446049250313e-16, 2.220446049250313e-16, 2.220446049250313e-16, 2.220446049250313e-16], "EATR CDF k": [7.697666151183304e-07, 6.804138112141866e-07, 8.831643841536971e-07, 9.84952270640036e-07], "EATR CDF std k": [0.12704146745495698, 0.07761469171814024, 0.04714077098559809, 0.046852974506825254], "EATR CDF g": [1.0000000000001021, 1.0000000000036544, 1.0000000000093419, 1.0000000000059635], "EATR CDF std g": [3.8640953178730657e-13, 1.3572048182022395e-12, 2.651121599396672e-12, 3.249700304458156e-12], "EATR CDF KS klo": [], "EATR CDF KS khi": [], "EATR CDF KS glo": [], "EATR CDF KS ghi": []}