{"iMetaD MLE k": [3.4704926739352983e-07, 2.0825641685865472e-06, 6.343275795128612e-06, 2.0357818589919396e-05, 7.28651456589689e-05, 0.00017267403056599298], "iMetaD MLE std k": [0.18566145295250572, 0.1365462134770404, 0.09878693646258863, 0.12045761429062209, 0.08604253664849422, 0.07377494479130899], "iMetaD CDF k": [6.3014986880690536e-06, 2.191442285257544e-05, 3.960925182743014e-05, 9.43595371999886e-05, 0.00026213458367269646, 0.00047177107185208684], "iMetaD CDF std k": [0.11889308869574375, 0.11231897724800395, 0.09569947077575125, 0.07727184822788405, 0.10399856756823198, 0.07858091616044441], "KTR Vmb MLE k": [0.009296639109036576, 0.005509713919609737, 0.004318449242018311, 0.0034426877556644263, 0.003096456174668458, 0.002764004399004526], "KTR Vmb MLE std k": [0.0983704990765794, 0.13751292710594593, 0.1251374077182357, 0.10781321410894848, 0.10554453261573525, 0.10119314782892834], "KTR Vmb MLE g": [0.17655938712989347, 0.22164306060089697, 0.24239473659085772, 0.2727982805222182, 0.29315548038007694, 0.3185264690716245], "KTR Vmb MLE std g": [0.0227074421315774, 0.03272200702551058, 0.033473302646819456, 0.03879195056727715, 0.04113010028993957, 0.04757262305206859], "KTR Vmb CDF k": [0.007621987657016554, 0.004770876055147735, 0.0039907966641324925, 0.003130973520627105, 0.003203631617232339, 0.0027623837860062768], "KTR Vmb CDF std k": [0.15766099310716059, 0.1647369402628915, 0.16208196201760358, 0.11310171672348528, 0.11262385586586125, 0.10971444605222218], "KTR Vmb CDF g": [0.20328613019683922, 0.24467460694811569, 0.2584146142819909, 0.29330543190788166, 0.29114707216221514, 0.3227002066427366], "KTR Vmb CDF std g": [0.03620663908692499, 0.041094967924318604, 0.04699414341072516, 0.04042180902970233, 0.04430157552471347, 0.057803763987633865], "EATR MLE k": [0.012801181608427657, 0.00793937911082743, 0.0061830754651792256, 0.0049636420470821905, 0.004221013943450178, 0.003741820871507443], "EATR MLE std k": [0.09155717734449842, 0.13174743180500403, 0.10932662241763587, 0.09317232430961055, 0.08705271691581483, 0.08369445621589448], "EATR MLE g": [0.17548447823860258, 0.22038885343616813, 0.24354296427687097, 0.2770470055854346, 0.30770133350998025, 0.33930032147336825], "EATR MLE std g": [0.025346315281894714, 0.037016100119485015, 0.034500061062786455, 0.041389692499666675, 0.04211775355391642, 0.05083335995486515], "EATR CDF k": [0.010148697873885816, 0.006661773015476384, 0.005460354320030023, 0.004307161308691992, 0.004180144309653085, 0.003540024372410976], "EATR CDF std k": [0.1393840899536083, 0.14117569268191757, 0.13729235564364325, 0.0921147064862704, 0.09468613762376156, 0.08746171087826818], "EATR CDF g": [0.21044889130134103, 0.25184468549231276, 0.2702057179931159, 0.31065270102270554, 0.3168932013917911, 0.3631930208298293], "EATR CDF std g": [0.03708818082714782, 0.04117284234528597, 0.04648045755816277, 0.03945322637142555, 0.04611194740005545, 0.058862825496962874]}