{"iMetaD MLE k": [1.4849855386474411e-10, 1.4571012554451487e-08, 7.762514785628449e-07, 7.657941844835726e-07, 1.0102980353878749e-06, 1.1781454771443021e-06, 1.3453042491215851e-06, 1.3557493672764926e-06], "iMetaD MLE std k": [0.6723998140011451, 0.3878741069252799, 0.08486501726921769, 0.11357829366927062, 0.060011349978738034, 0.04843934553497802, 0.045152943577540176, 0.04500324387484035], "iMetaD CDF k": [8.213943519896582e-08, 8.304780122162425e-07, 1.3917177687877788e-06, 1.2445804372521755e-06, 1.310862607244858e-06, 1.405423702018276e-06, 1.4441129079779571e-06, 1.4255704698576798e-06], "iMetaD CDF std k": [0.1751247031737667, 0.10662224474901678, 0.07019341379779055, 0.06723674540117464, 0.0436008309017028, 0.06128879198475412, 0.06863767708206174, 0.03997903526420371], "iMetaD CDF KS klo": [8.213943519896582e-08, 8.304780122162425e-07, 1.05572589017206e-06, 9.441108100195169e-07, 9.496360114058336e-07, 1.1163677282638421e-06, 1.1470996569366795e-06, 1.1323708747971156e-06], "iMetaD CDF KS khi": [8.213943519896582e-08, 8.304780122162425e-07, 1.5259881886608422e-06, 1.4963147957288799e-06, 1.6502782476313088e-06, 1.6896909325049145e-06, 1.7362055888338272e-06, 1.8792678781769108e-06], "KTR Vmb MLE k": [0.00017237443933109303, 3.219934823920007e-05, 3.0509102380757425e-06, 2.6040482821609888e-06, 1.4863674208762457e-06, 1.5438487152295128e-06, 1.329595911638916e-06, 1.1143572862416116e-06], "KTR Vmb MLE std k": [0.352310213746162, 0.18424586036481794, 0.15334783933047716, 0.2265795435491444, 0.17274165722735763, 0.1343261761958466, 0.09613351872511403, 0.08589668032444753], "KTR Vmb MLE g": [0.20621988385855164, 0.2877489419855793, 0.6135949814742169, 0.6075689440895805, 0.7147242081740215, 0.6972659072307931, 0.7240670393108664, 0.7989497271796925], "KTR Vmb MLE std g": [0.08203617196788669, 0.05681083387104868, 0.06846136508234477, 0.11048479414012281, 0.09627597811104034, 0.07554414919873556, 0.0849469391284497, 0.10489446838580946], "KTR Vmb CDF k": [1.1339084705664996e-05, 7.01003187070678e-06, 1.4510252130551876e-06, 1.6048541800416754e-06, 1.0846712620586154e-06, 1.7796434847858999e-06, 1.672532632515254e-06, 1.0417607558267734e-06], "KTR Vmb CDF std k": [0.37534164003894965, 0.3018098206196802, 0.24869211161845367, 0.2098146045399575, 0.18770821303575105, 0.16044721527146946, 0.09727413026793154, 0.09351825298757992], "KTR Vmb CDF g": [0.48644239482237794, 0.5196843388648582, 0.7783259272039108, 0.7246439250438614, 0.8105576570093482, 0.6604486089541206, 0.6080898751954464, 0.89334460811792], "KTR Vmb CDF std g": [0.08434102604148393, 0.10418233283192109, 0.10874685437657797, 0.09839607006295023, 0.09960059227215767, 0.1058977107288011, 0.09294408792182723, 0.13120294918303185], "KTR Vmb CDF KS klo": [2.1597021791306203e-06, 5.29698704082358e-06, 4.2535182948448823e-07, 4.4358131351412677e-07, 5.036894848748237e-07, 6.251462704318279e-07, 8.11134830034459e-07, 8.887226039603665e-07], "KTR Vmb CDF KS khi": [2.0818671766066615e-05, 1.611739127614703e-05, 9.054612928772378e-06, 7.594348663754832e-06, 5.5713071689183015e-06, 5.615845370840414e-06, 3.5113165736370006e-06, 2.1921037932184645e-06], "KTR Vmb CDF KS glo": [0.4264423948223686, 0.3996843388648556, 0.3983259272039048, 0.3646439250438547, 0.3505576570093428, 0.26044860895411903, 0.16808987519544574, 0.31334460811791814], "KTR Vmb CDF KS ghi": [0.6464423948128549, 0.5596843388561856, 1.0183259271957354, 1.0046439250352743, 1.010557656999874, 1.0004486089443478, 1.008089875185889, 1.013344608108113], "EATR MLE k": [0.00025632546235581597, 5.1961383011558944e-05, 5.194562925574698e-06, 4.478066216062725e-06, 2.888244545489282e-06, 2.6090653311242105e-06, 1.9878772811123684e-06, 1.5414632323110049e-06], "EATR MLE std k": [0.4597592289072157, 0.22798603232187506, 0.19608435861812404, 0.2125786584711151, 0.1517745691219098, 0.1347833141549288, 0.11538297601797771, 0.07519631856232188], "EATR MLE g": [0.20231866648905203, 0.29806823805305194, 0.6683133437984724, 0.6558961289218308, 0.7338987322344463, 0.7458933887924116, 0.7790682818560771, 0.9052519326348716], "EATR MLE std g": [0.10651200590828773, 0.08622321172484129, 0.10220331186118257, 0.13207652703113562, 0.11313275427258687, 0.10634694615815433, 0.15208485280856293, 0.14554027218787327], "EATR CDF k": [3.3777212454592737e-06, 7.306541815638216e-06, 1.5420695392688224e-06, 1.7909611293564313e-06, 1.3425472572549926e-06, 2.026799231666219e-06, 1.8510485309973874e-06, 1.4131791930498092e-06], "EATR CDF std k": [0.5172804322967088, 0.4611611442212759, 0.1699548163768504, 0.1722135746159017, 0.11597876643911874, 0.12435484883202985, 0.09003125616300668, 0.0475707713591591], "EATR CDF g": [0.6123435320802993, 0.6111853297736867, 0.9495816401086508, 0.8816521946788853, 0.9749429015848816, 0.831870874084439, 0.8018744685571155, 0.9999999999999999], "EATR CDF std g": [0.1062755841461856, 0.160053138879369, 0.08272589711217163, 0.0902710570376894, 0.06768993968776484, 0.10146289568437329, 0.11133506425452624, 0.05146589808103883], "EATR CDF KS klo": [1.6559341072903532e-06, 7.306541815638216e-06, 1.1611527209728066e-06, 1.079609221254049e-06, 1.176422508199281e-06, 1.279492351926213e-06, 1.4120140248372102e-06, 1.3871624450170803e-06], "EATR CDF KS khi": [5.382554324223509e-06, 1.2568316704560374e-05, 8.65707897491176e-06, 7.529117680568302e-06, 5.8423208473613534e-06, 5.703514049346049e-06, 3.6660489993807495e-06, 2.3007679358267057e-06], "EATR CDF KS glo": [0.5723435320791258, 0.5311853297731577, 0.5495816401086483, 0.5016521946788828, 0.47494290158487806, 0.37187087408443614, 0.22187446855711412, 0.4399999999999992], "EATR CDF KS ghi": [0.6723435320705264, 0.6111853297736867, 1.009581640099261, 1.0016521946695478, 1.0149429015755225, 1.0118708740748712, 1.001874468547608, 1.0199999999984541]}