{"iMetaD MLE k": [5.2049936184624774e-09, 5.119370046482492e-08, 2.398009175202434e-07, 5.847860902322489e-07, 9.995300849759452e-07, 9.228494623379124e-07, 1.2634302023287192e-06, 1.2324564022614466e-06], "iMetaD MLE std k": [0.1963530467706643, 0.14708641415804383, 0.09626246787929074, 0.06734816420465922, 0.04468920900464626, 0.07071273455574387, 0.051409932650250845, 0.045353318905828874], "iMetaD CDF k": [5.1236965731042806e-08, 3.187910834944397e-07, 4.732223689787599e-07, 8.304263014947517e-07, 1.053954820407317e-06, 1.1590364291101566e-06, 1.3711406485332442e-06, 1.3163930423038724e-06], "iMetaD CDF std k": [0.14215885509052692, 0.1085803352783875, 0.05795257329437303, 0.07483492659214437, 0.053086569092369355, 0.059187885812368696, 0.05131337368496514, 0.061277169515620705], "iMetaD CDF KS klo": [5.1236965731042806e-08, 3.187910834944397e-07, 4.732223689787599e-07, 7.573577882494523e-07, 8.371860719732913e-07, 9.640445111220378e-07, 1.0401165481882909e-06, 1.2005647234338344e-06], "iMetaD CDF KS khi": [5.1236965731042806e-08, 3.187910834944397e-07, 4.732223689787599e-07, 8.304263014947517e-07, 1.3893830441359544e-06, 1.393468277145108e-06, 1.8075153994375521e-06, 1.5114214388344908e-06], "KTR Vmb MLE k": [8.601696214292632e-06, 3.2288133996775187e-06, 1.278052258574839e-06, 1.779792331489823e-06, 8.639701129723928e-07, 1.7132311414004458e-06, 1.5711522288925491e-06, 1.5765362228295622e-06], "KTR Vmb MLE std k": [0.6511853482769165, 0.2072719617271892, 0.18873060295032087, 0.15250819606553642, 0.16195668424943058, 0.10844833377946361, 0.09618669254878383, 0.10134251080768057], "KTR Vmb MLE g": [0.48077038952154877, 0.49363472909960426, 0.5940547201367948, 0.5863255939182411, 0.795338359288728, 0.5946717052225432, 0.6358454517259378, 0.5672115043607583], "KTR Vmb MLE std g": [0.15080403759352634, 0.0540600988926994, 0.06804420045254508, 0.05741973276973725, 0.08129897801346898, 0.07705533836972366, 0.11049144824279218, 0.13954285831374572], "KTR Vmb CDF k": [4.275582137573675e-08, 3.4125561774685146e-06, 5.702630263842101e-07, 2.4396271294760676e-06, 1.0701122766302103e-06, 1.6536338750711932e-06, 1.5394936540030179e-06, 1.821725925440187e-06], "KTR Vmb CDF std k": [0.5235155841239316, 0.24291588569943673, 0.3009064105466222, 0.13589259778283208, 0.16944841253006201, 0.1333622023844295, 0.11406526262347028, 0.10539084621057145], "KTR Vmb CDF g": [0.9999989845620684, 0.4968240673610498, 0.7386699695527281, 0.5256799611621492, 0.741945928698392, 0.6182073134188059, 0.658979867054878, 0.40905327349633314], "KTR Vmb CDF std g": [0.11745593760544293, 0.06717277075838315, 0.11122713048348794, 0.05974178229302233, 0.09089226488208607, 0.08531934153365311, 0.13635217171457736, 0.17541744195443], "KTR Vmb CDF KS klo": [3.5390900273377445e-08, 5.265212033496045e-07, 1.0336128161387852e-07, 4.416173064989862e-07, 4.0322311839110445e-07, 5.115870355154017e-07, 9.389516403801354e-07, 1.065817137193259e-06], "KTR Vmb CDF KS khi": [1.491318931953503e-07, 9.164069155443905e-06, 4.501540438079391e-06, 6.4023559103963575e-06, 4.028689513831088e-06, 4.289106122170946e-06, 3.1470509773922426e-06, 2.6763092666152784e-06], "KTR Vmb CDF KS glo": [0.8799989845576693, 0.3768240673610495, 0.378669969552709, 0.30567996116214896, 0.36194592869839165, 0.2582073134188046, 0.09897986705487684, -0.01094672650366723], "KTR Vmb CDF KS ghi": [1.0199989845569923, 0.7168240673520644, 1.0186699695466366, 0.8856799611524252, 1.0019459286888186, 1.018207313408994, 1.0189798670450614, 0.9490532734865094], "EATR MLE k": [2.695096706824145e-05, 9.888138781088053e-06, 2.588125509789604e-06, 1.969226108999798e-06, 1.5528773781194715e-06, 2.0481054715151938e-06, 1.9585132089938585e-06, 1.795221750627405e-06], "EATR MLE std k": [0.7464516092771999, 0.28149286096755727, 0.19996358719978605, 0.1784441420252538, 0.13981457679176362, 0.12082781761754195, 0.10902703438621697, 0.11426384483985869], "EATR MLE g": [0.44767587106935847, 0.5082328375955598, 0.6470569570686858, 0.7640452686643422, 0.8806233491307768, 0.7435901823968241, 0.7071225648686402, 0.6474398646511222], "EATR MLE std g": [0.2093772411703201, 0.0869631181502955, 0.09122706577042378, 0.09206393014412567, 0.0963476798225617, 0.10954544373892602, 0.1859402003549049, 0.235416311600203], "EATR CDF k": [2.498102849934222e-08, 2.299906917812326e-06, 6.399157341105664e-07, 2.2891727038824807e-06, 1.0776527134299338e-06, 1.6313097626344925e-06, 1.5459684334745977e-06, 1.8225405768803664e-06], "EATR CDF std k": [0.21133596125416107, 0.34031189313885335, 0.22206850581094853, 0.1227467381759817, 0.10043978614463905, 0.12532254835154946, 0.08940436878279522, 0.103956994792946], "EATR CDF g": [0.9357222438429119, 0.6578586977642388, 0.9124939814471634, 0.7193600004148676, 0.9732437514167039, 0.8407633270170309, 0.8842764091870089, 0.5660097363200098], "EATR CDF std g": [0.04001344108210208, 0.09040961529712309, 0.08880135025664353, 0.05771808612868492, 0.056627844935319596, 0.1027410008963203, 0.13055828478341622, 0.23022311023212536], "EATR CDF KS klo": [2.498102849934222e-08, 1.0893874016910478e-06, 3.636155036211435e-07, 6.199779038608597e-07, 9.465066852292851e-07, 1.1111502392110987e-06, 1.3578672890087473e-06, 1.306776195173437e-06], "EATR CDF KS khi": [2.498102849934222e-08, 4.695010656141287e-06, 4.015804784525897e-06, 5.9936191844137254e-06, 3.135880695328128e-06, 3.940633902556957e-06, 3.143143953367834e-06, 2.673290624943687e-06], "EATR CDF KS glo": [0.9357222438429119, 0.5778586977642165, 0.5524939814471618, 0.4593600004147719, 0.6132437514167001, 0.4207633270170289, 0.1442764091870081, -0.013990263679990551], "EATR CDF KS ghi": [0.9357222438429119, 0.7378586977557191, 1.0124939814407505, 1.019360000404917, 1.013243751408866, 1.0007633270074203, 1.0042764091784038, 1.0060097363102227]}