{"iMetaD MLE k": [1.980668746561137e-07, 3.0109983438846535e-07, 5.891336022047148e-07, 9.93435887508285e-07, 1.2855365383441184e-06, 1.4103530086566202e-06, 1.435275350866783e-06, 1.2822719006487333e-06], "iMetaD MLE std k": [0.17119023969807992, 0.08841531932457256, 0.06651498242963255, 0.05026741887028473, 0.04577675843705726, 0.04229155986724527, 0.0374077730979443, 0.049623284360748164], "iMetaD CDF k": [2.0255049033098303e-06, 8.286015703834496e-07, 8.49277529200992e-07, 1.1625019984208726e-06, 1.416318676879546e-06, 1.4472243865332253e-06, 1.355903499350729e-06, 1.3543650536264324e-06], "iMetaD CDF std k": [0.11177354726053786, 0.09900096814640372, 0.05910638856884905, 0.06650619983935924, 0.0616782304633761, 0.05285870894831507, 0.046308326369671686, 0.051349374519272975], "iMetaD CDF KS klo": [2.0255049033098303e-06, 8.286015703834496e-07, 6.746051205612234e-07, 9.234081602691014e-07, 1.0260321804573737e-06, 1.0978319656594724e-06, 1.0770324330957406e-06, 1.1265117844539926e-06], "iMetaD CDF KS khi": [2.0255049033098303e-06, 8.286015703834496e-07, 1.069177063176892e-06, 1.3347308794842888e-06, 1.7027895732966701e-06, 1.8219475567749024e-06, 1.6301545540426762e-06, 1.5550191411500085e-06], "KTR Vmb MLE k": [9.541835287808875e-06, 3.4794141673578667e-06, 9.870590857931193e-07, 1.1284116362652498e-06, 1.441911277014365e-06, 1.0568356783460786e-06, 1.067647558498835e-06, 1.2339172485953317e-06], "KTR Vmb MLE std k": [0.33184126780766837, 0.16545247913575575, 0.1314225602138757, 0.14536144084769578, 0.10613375322505401, 0.10468801347761819, 0.06687429133920565, 0.06308916757275179], "KTR Vmb MLE g": [0.5829070746201512, 0.5161126589967949, 0.6671654434186236, 0.7005156775149148, 0.6506552391360205, 0.804274794754621, 0.8863712787824111, 0.6279143180260496], "KTR Vmb MLE std g": [0.10781713848118844, 0.049464119266393186, 0.06759162139795175, 0.07502990834893065, 0.0761613959041631, 0.1029198477241534, 0.11993797631882185, 0.18252544718999728], "KTR Vmb CDF k": [5.241261261276301e-06, 3.668000557697742e-06, 7.870220199427649e-07, 1.4811991243219796e-06, 1.7095112833197097e-06, 1.1821549278581136e-06, 1.0997677094580292e-06, 1.0688380285068788e-06], "KTR Vmb CDF std k": [0.29280184165603274, 0.19486797850860652, 0.19521440835720627, 0.12478621506282284, 0.14260610637654672, 0.10836318739872526, 0.09402959546991364, 0.05419985921073532], "KTR Vmb CDF g": [0.6803887252154169, 0.5148277285721522, 0.7415169204680938, 0.6254240025918341, 0.5758248908154021, 0.7591442438473365, 0.8427723036471112, 0.9999999999976672], "KTR Vmb CDF std g": [0.09292100241074495, 0.06425243940122918, 0.106233204627823, 0.07486682047164576, 0.11540636671917975, 0.1138244106827247, 0.18497678764332096, 0.14414696401329663], "KTR Vmb CDF KS klo": [1.2463088982465672e-06, 5.377295389102678e-07, 2.6934036324356157e-07, 5.683834251265512e-07, 5.920503308907326e-07, 7.515288892122298e-07, 9.664484850218772e-07, 1.058548021138017e-06], "KTR Vmb CDF KS khi": [2.104047442180578e-05, 1.2292970731372784e-05, 2.7882009874029803e-06, 3.700362572476537e-06, 3.9262279789013365e-06, 2.8646399439054463e-06, 2.1295375537712937e-06, 1.7247196945471177e-06], "KTR Vmb CDF KS glo": [0.48038872521541526, 0.31482772857215197, 0.4215169204677618, 0.3254240025915576, 0.19582489081540183, 0.2191442438473354, -0.017227696352890065, -2.3334707568827717e-12], "KTR Vmb CDF KS ghi": [0.8803887252054554, 0.8148277285623962, 1.0015169204607226, 0.9254240025820426, 1.0158248908055147, 1.0191442438377776, 1.0027723036392744, 1.0199999999946467], "EATR MLE k": [2.162512932932828e-05, 4.9545178243605294e-06, 1.9054520220499432e-06, 1.8745097045588912e-06, 2.05073209323521e-06, 1.6240335471808378e-06, 1.4479782765153e-06, 1.5848938614919162e-06], "EATR MLE std k": [0.22411898597930768, 0.19881930533666908, 0.13783261015241643, 0.14091992861164818, 0.11494002437056042, 0.0763848295288972, 0.07235829398262708, 0.062477241838582054], "EATR MLE g": [0.5647925536673541, 0.6287740784104962, 0.735448144619614, 0.8053637087273458, 0.7907093553576187, 0.9143134368681717, 0.9881703827760999, 0.5289774364253768], "EATR MLE std g": [0.06965543713102067, 0.07568516938304069, 0.08858624584824534, 0.10778828716875535, 0.1263387762499756, 0.10565995664002761, 0.2085336778422635, 0.3385387171185666], "EATR CDF k": [7.217756480531686e-06, 3.20137741765133e-06, 1.167121884439211e-06, 1.8467175842769737e-06, 1.916585262786016e-06, 1.4366051731176448e-06, 1.3546885838712817e-06, 1.3563645151390176e-06], "EATR CDF std k": [0.37955359269759287, 0.2674100707576916, 0.14378902824460818, 0.11876469131591089, 0.11558179853390729, 0.06318466372255468, 0.05216206698599712, 0.04714126743119222], "EATR CDF g": [0.6866758308085531, 0.6899792447070433, 0.8852883713468649, 0.8009145779445704, 0.809979640004878, 0.9999999999999999, 0.9999999999999999, 0.9999999999936159], "EATR CDF std g": [0.10453579473008505, 0.08922530097019708, 0.09635964348929459, 0.09139910064881634, 0.11628311205198576, 0.06708916602573854, 0.10205157794991711, 0.11758490916104633], "EATR CDF KS klo": [1.9950012230853397e-06, 5.818678136033959e-07, 7.727951262062917e-07, 1.105296653092709e-06, 1.3541104218719364e-06, 1.4019431574584765e-06, 1.3417695902594312e-06, 1.3494895845087236e-06], "EATR CDF KS khi": [2.323128420282318e-05, 1.2278824669870244e-05, 3.0246215571804358e-06, 3.846938396147684e-06, 4.120769947780151e-06, 2.9464513750840616e-06, 2.1031514228724217e-06, 1.7247407533826913e-06], "EATR CDF KS glo": [0.5466758308085503, 0.44997924470704087, 0.5852883713468403, 0.4809145779445683, 0.28997964000487625, 0.33999999999999836, -8.225736281023245e-16, -6.385185469246363e-12], "EATR CDF KS ghi": [0.8266758307988105, 0.949979244697899, 1.0052883713373766, 1.0009145779351174, 1.0099796399955923, 1.0199999999997038, 1.0199999999989926, 1.0199999999935896]}