{"iMetaD MLE k": [1.0699577255781179, 1.0627028098643132, 1.1751724740316003, 0.9492925629534147, 0.6941688726574051, 0.7108686501297684], "iMetaD MLE std k": [], "iMetaD CDF k": [1.0872250539630202, 1.073438392034552, 1.3295747108462739, 0.9254127934746142, 0.804718435894525, 0.7929917665763971], "iMetaD CDF std k": [], "KTR Vmb MLE k": [0.6289118901390265, 0.46400881819344, 0.36725829358670325, 0.2303987412594516, 0.13480810395947937, 0.09176853249484336], "KTR Vmb MLE std k": [], "KTR Vmb MLE g": [0.9999940391390134, 0.9999940391390134, 0.9999940391390134, 0.9999940391390134, 0.9999940391390134, 0.9999940391390134], "KTR Vmb MLE std g": [], "KTR Vmb CDF k": [0.6111146783296328, 0.43801417411163657, 0.3700741617661823, 0.2062392599826878, 0.1259882358793588, 0.08459308886869313], "KTR Vmb CDF std k": [], "KTR Vmb CDF g": [0.9999994549307474, 0.9999995036041632, 0.9999995648014849, 0.9999999999133539, 0.9999999999065692, 0.9999999998993364], "KTR Vmb CDF std g": [], "EATR MLE k": [7.52317034131628, 14.569711991644702, 15.514177238880853, 2.2611289620724424, 16.673488730416075, 3.2095021473164276], "EATR MLE std k": [], "EATR MLE g": [5.9608609865491405e-06, 5.9608609865491405e-06, 0.21346717802125292, 0.794913327981742, 0.3156519486061296, 0.729319537892675], "EATR MLE std g": [], "EATR CDF k": [1.0710317162520095, 1.0415184601153171, 1.6477485629325574, 0.8770173284571067, 0.711426569864426, 0.6794843448356551], "EATR CDF std k": [], "EATR CDF g": [0.9999999999644639, 0.9999999999389394, 0.9135406323058141, 0.9999999999379132, 0.9999999999105584, 0.9999999999259593], "EATR CDF std g": []}