{"iMetaD MLE k": [3.767636686147955e-09, 2.986382072795071e-08, 3.517039913540961e-07, 8.604119720156589e-07, 1.0699506471846055e-06, 1.3646270711356067e-06, 1.434846942932961e-06, 1.3896949192649831e-06], "iMetaD MLE std k": [0.2546406171659718, 0.19944810513943886, 0.09333313338115373, 0.05552245508576289, 0.060596990109796335, 0.05375754781886726, 0.049812467975310484, 0.03991187844378298], "iMetaD CDF k": [2.1557608082529395e-07, 3.294897100445096e-07, 7.008538720980014e-07, 1.0670601764327028e-06, 1.5010978194209076e-06, 1.4706104771237944e-06, 1.6506533112862157e-06, 1.4998923463618152e-06], "iMetaD CDF std k": [0.290855091729328, 0.11413165161583849, 0.08899820909173377, 0.07147112984784752, 0.07165073700342714, 0.0465740554014532, 0.06262157148990462, 0.05989495678322894], "iMetaD CDF KS klo": [2.1557608082529395e-07, 3.294897100445096e-07, 6.693102517380071e-07, 9.293705619649958e-07, 1.2485587830755304e-06, 1.1681474242607773e-06, 1.31116053089577e-06, 1.0865759519457515e-06], "iMetaD CDF KS khi": [2.1557608082529395e-07, 3.294897100445096e-07, 7.008538720980014e-07, 1.170008217431159e-06, 1.6459210292731054e-06, 1.7680626738216832e-06, 1.9845217700428834e-06, 1.8882525897904686e-06], "KTR Vmb MLE k": [3.7567641728596506e-05, 1.145530885297425e-05, 2.3879888058242937e-06, 1.2745355619604697e-06, 1.8388352642695107e-06, 1.2924440601158975e-06, 1.74930784301283e-06, 1.466809350888311e-06], "KTR Vmb MLE std k": [0.21555628647803, 0.14768716993875963, 0.16404238160239734, 0.1748165950602405, 0.11988225737741015, 0.11054544846235402, 0.09134064236477209, 0.0946907115429758], "KTR Vmb MLE g": [0.30593148207296056, 0.3341940497859854, 0.5268272522249853, 0.7062378048268015, 0.6268521227893041, 0.7877508780009604, 0.5699310600779534, 0.6157379974124559], "KTR Vmb MLE std g": [0.048497663816549665, 0.048117732283073054, 0.0686129680558205, 0.07730133094713404, 0.06512372415689276, 0.09651812092120872, 0.10261036502037871, 0.14769384926435597], "KTR Vmb CDF k": [3.092513058370299e-05, 3.278788454812313e-06, 1.8678179379794472e-06, 1.642366560448823e-06, 2.1220001178850585e-06, 1.3137700096972337e-06, 1.767542579775078e-06, 1.5675087897577807e-06], "KTR Vmb CDF std k": [0.20841339722955435, 0.25061591676866024, 0.21300419042600804, 0.18952483923121413, 0.14787414361845183, 0.13552407287191928, 0.11488553479498424, 0.09227865039816714], "KTR Vmb CDF g": [0.3383889728317968, 0.513118183185799, 0.5849902484424992, 0.6532463594402816, 0.598288033509438, 0.7973497927097158, 0.5822770666939414, 0.5658853122970906], "KTR Vmb CDF std g": [0.05167912279959752, 0.07397966115223281, 0.09246498648106906, 0.08650304944466498, 0.09337522920923838, 0.10423175276269167, 0.1464667510191813, 0.15355281645946725], "KTR Vmb CDF KS klo": [6.540341857337996e-06, 4.3168418146469465e-07, 3.1804475984034193e-07, 3.524926301202516e-07, 5.994435737691932e-07, 7.478408678597943e-07, 9.95523188838623e-07, 9.91722078702538e-07], "KTR Vmb CDF KS khi": [3.737366743527724e-05, 1.6724416197717265e-05, 7.999742172788422e-06, 6.8726156415275715e-06, 6.130248799048858e-06, 3.887251922519047e-06, 3.775027788792686e-06, 2.735396069833439e-06], "KTR Vmb CDF KS glo": [0.31838897283175943, 0.29311818318579796, 0.28499024844249893, 0.29324635944028127, 0.23828803350943684, 0.33734979270577614, -0.01772293330605991, -0.01411468770291039], "KTR Vmb CDF KS ghi": [0.4983889728218825, 0.7731181831760194, 0.9249902484333775, 1.0132463594305712, 0.9982880334997613, 1.017349792699927, 1.002277066683966, 1.005885312287408], "EATR MLE k": [3.400998211584547e-05, 1.5496768588751578e-05, 3.992475179546268e-06, 2.806593382839529e-06, 3.2083378972785205e-06, 1.8803519788683978e-06, 2.2427334372306824e-06, 1.8893119858880901e-06], "EATR MLE std k": [0.32369896372342283, 0.16523963741765701, 0.11779511861649106, 0.17698551565743356, 0.1336992026192593, 0.11626546260210364, 0.09895871902569349, 0.08648398904493089], "EATR MLE g": [0.375598032171415, 0.39543451426184356, 0.5792326151725954, 0.7253594601596187, 0.6691618647323269, 0.8850655443079285, 0.6687376088200017, 0.6849870392241161], "EATR MLE std g": [0.07564915230329188, 0.059661722268342064, 0.06415987729785261, 0.10441960177822127, 0.10544864004078126, 0.11928568438107924, 0.19311798702471308, 0.24709694413318964], "EATR CDF k": [7.762610807839977e-06, 3.856356654086258e-06, 2.3316640532892118e-06, 1.9306635674112274e-06, 2.5574896168037213e-06, 1.4689907252259977e-06, 1.8898264058651066e-06, 1.651186069365652e-06], "EATR CDF std k": [0.5468220377800437, 0.3021045403721648, 0.17653239488861808, 0.1492153894407763, 0.11102920942554469, 0.08252272123013671, 0.09252408540147168, 0.07453481456097785], "EATR CDF g": [0.5164416328703008, 0.5978009715774834, 0.7057017153246331, 0.8149308766865085, 0.7602802111736588, 0.9999999999999999, 0.8428747519174538, 0.8464662639825311], "EATR CDF std g": [0.11210685966792552, 0.09668497748034546, 0.08841880638881576, 0.08799470531910344, 0.09427888076446982, 0.06608323185712478, 0.1542736696812212, 0.14664609230172646], "EATR CDF KS klo": [1.51064240820497e-06, 5.972284584493428e-07, 5.702206282785142e-07, 9.123884966981998e-07, 1.4027146977497855e-06, 1.4078822851361018e-06, 1.629142535153031e-06, 1.4837893985792329e-06], "EATR CDF KS khi": [2.2869561769615886e-05, 1.5396503157868248e-05, 9.101266497496313e-06, 7.490140920963171e-06, 6.416255240621307e-06, 3.9143784788205405e-06, 3.739772619060038e-06, 2.7192044278261034e-06], "EATR CDF KS glo": [0.4164416328702884, 0.39780097157745337, 0.3657017153246301, 0.3949308766865058, 0.3402802111736569, 0.4799999999999973, -0.01712524808254712, -0.013533736017469428], "EATR CDF KS ghi": [0.656441632861152, 0.8378009715675407, 1.0057017153152203, 1.0149308766766725, 1.0002802111638136, 1.0199999999947007, 1.0028747519077008, 1.0064662639727597]}