{"iMetaD MLE k": [1.3493717116864412e-07, 4.144140527889165e-07, 8.810990165770038e-07, 9.735460984759944e-07], "iMetaD MLE std k": [0.18079838436539544, 0.06929440830187496, 0.04530265008351274, 0.041306090859938305], "iMetaD CDF k": [7.813569625189074e-07, 6.862627067942358e-07, 8.84293678111656e-07, 9.848517338840655e-07], "iMetaD CDF std k": [0.10496068153300336, 0.07645524518788255, 0.04783704924035671, 0.0521248224771894], "iMetaD CDF KS klo": [7.813569625189074e-07, 5.451178444449727e-07, 7.02419436312274e-07, 7.822955392412778e-07], "iMetaD CDF KS khi": [7.813569625189074e-07, 6.862627067942358e-07, 1.0631548389506629e-06, 1.184052213020105e-06], "KTR Vmb MLE k": [6.537001895387491e-05, 4.1983754073257135e-06, 5.721722952153342e-07, 5.790316560698988e-07], "KTR Vmb MLE std k": [0.0801136819384247, 0.18444418319791053, 0.0877774294221548, 0.08648309740151748], "KTR Vmb MLE g": [5.9608609865491405e-06, 0.4356711936078863, 0.9999940391390134, 0.9999940391390134], "KTR Vmb MLE std g": [0.031980753117518156, 0.09775378433064527, 0.05278397148224152, 0.08246406497358492], "KTR Vmb CDF k": [7.594274919986606e-05, 3.46918289980352e-06, 5.643048371065846e-07, 5.72485225120007e-07], "KTR Vmb CDF std k": [0.10624389354113549, 0.29144127980610046, 0.10598152151504768, 0.08850721842757606], "KTR Vmb CDF g": [6.512520807710506e-15, 0.5056176335166425, 0.9999940391390051, 0.9999940391390086], "KTR Vmb CDF std g": [0.053060653244700946, 0.16892855717479824, 0.06631213740055801, 0.07851319798547879], "KTR Vmb CDF KS klo": [1.9106185187541957e-05, 5.299860908404487e-07, 5.313768979563993e-07, 5.497727746051126e-07], "KTR Vmb CDF KS khi": [8.371565298195382e-05, 2.5035497625909253e-05, 4.764609963649109e-06, 3.4750294159374747e-06], "KTR Vmb CDF KS glo": [-0.020000000009877863, 0.005617633516639756, 0.2799940391390018, 0.07999403913900775], "KTR Vmb CDF KS ghi": [0.27999999999002123, 0.9656176335069953, 1.01999403913637, 1.0199940391367945], "EATR MLE k": [6.537023795748685e-05, 9.571671152528298e-06, 1.256714344177961e-06, 1.4154411472526878e-06], "EATR MLE std k": [0.06141937692334188, 0.24913155495631548, 0.21654197336587125, 0.16645811281135714], "EATR MLE g": [5.9608609865491405e-06, 0.28464957716543865, 0.8808678704454377, 0.7945990036343811], "EATR MLE std g": [8.470329472543003e-22, 0.15850756890436987, 0.17533314252206944, 0.22938404279045116], "EATR CDF k": [7.594274916828463e-05, 4.378152077491929e-06, 8.831437065917604e-07, 9.847281862964578e-07], "EATR CDF std k": [0.09627507350207638, 0.24483852479038343, 0.08542051721442628, 0.10678581128061812], "EATR CDF g": [3.830972392350835e-15, 0.5052314340146645, 0.9999999999999999, 0.9999999999995967], "EATR CDF std g": [0.04883471914161966, 0.15264147181457083, 0.057433677080922424, 0.12022713379449856], "EATR CDF KS klo": [2.1933535208854837e-05, 7.78518128126294e-07, 8.365864698524607e-07, 9.53640877703687e-07], "EATR CDF KS khi": [8.276602499907067e-05, 2.5144349722868166e-05, 5.5519134217996385e-06, 3.656112506520611e-06], "EATR CDF KS glo": [-0.02000000000986682, 0.005231434014664366, 0.27999999999999914, 0.0799999999995948], "EATR CDF KS ghi": [0.2799999999900039, 0.9652314340063298, 1.0199999999972629, 1.0199999999985256]}