{"iMetaD MLE k": [2.7618891274359065e-07, 3.691757475804147e-07, 4.6055375167480593e-07, 6.422373486801455e-07, 8.322786214147927e-07, 6.872638591022674e-07, 1.4478061416396808e-06, 1.8583173875632779e-06], "iMetaD MLE std k": [0.09909458066523062, 0.06510162250116083, 0.08468714579140421, 0.057142425271363366, 0.057168478250555016, 0.06201070141318614, 0.06593637773130157, 0.07447727240724623], "iMetaD CDF k": [6.737102152402017e-07, 5.956481355803358e-07, 7.539959700254739e-07, 7.147860395675019e-07, 1.04183414696496e-06, 1.0016814650582423e-06, 7.598036516669386e-07, 5.682881994823762e-07], "iMetaD CDF std k": [0.08933914965428495, 0.0864000593923842, 0.07718355560842441, 0.049577421586211444, 0.06655029405797637, 0.059827062400349094, 0.09978462487257936, 0.1476591322095203], "iMetaD CDF KS klo": [6.737102152402017e-07, 5.432375560914048e-07, 7.539959700254739e-07, 5.178167108222834e-07, 9.073996087794326e-07, 7.598530967155617e-07, 7.598036516669386e-07, 5.682881994823762e-07], "iMetaD CDF KS khi": [6.737102152402017e-07, 5.956481355803358e-07, 7.895307053290041e-07, 8.998623092072396e-07, 1.2525601416659426e-06, 1.2042860002549898e-06, 7.598036516669386e-07, 5.682881994823762e-07], "KTR Vmb MLE k": [5.628062659585386e-07, 3.102021392591667e-07, 2.726609548826731e-06, 1.1814714477374151e-06, 1.8402957148988958e-06, 2.2140233587078825e-06, 1.1130256741179605e-06, 1.1675486919139216e-06], "KTR Vmb MLE std k": [0.34795448438543775, 0.41225924535939135, 0.19349315876357429, 0.19788690733326214, 0.13299478575878598, 0.11707718429902901, 0.11317031454316703, 0.10706549184900269], "KTR Vmb MLE g": [0.957698336086487, 0.8241729455961379, 0.4543685443879662, 0.5666949519097164, 0.49703401753153137, 0.3843994730796933, 0.6630110396235501, 0.5586417988449429], "KTR Vmb MLE std g": [0.09677618976222949, 0.11396621598369494, 0.06483021869008601, 0.07782075071925627, 0.05990105283219646, 0.0570167100471651, 0.09911211643009926, 0.12856583872388036], "KTR Vmb CDF k": [4.307489654398985e-07, 2.5977727989713065e-07, 2.9568917084821837e-06, 8.037831788434379e-07, 2.4262327591989343e-06, 1.9483200892877493e-06, 2.08759545289645e-06, 1.4846245659191777e-06], "KTR Vmb CDF std k": [0.2702279517816879, 0.4268837631872187, 0.2746764132053737, 0.2531212195423969, 0.17389458178096373, 0.16009786323042102, 0.07805539713168294, 0.07645086365916995], "KTR Vmb CDF g": [0.9999999998422529, 0.8512814557119911, 0.4428070594071064, 0.6377013668687684, 0.433817668916306, 0.43902342100756003, 0.1174227533891705, 8.081937539249962e-10], "KTR Vmb CDF std g": [0.07897773960733265, 0.12206272187739645, 0.09426045482882191, 0.10224488113048451, 0.08739737397754778, 0.09893547846335904, 0.0837367390358805, 0.0026393226231367275], "KTR Vmb CDF KS klo": [3.6669142914209846e-07, 7.364584335990492e-08, 2.2929836248048522e-07, 9.59995462664935e-08, 2.002794804895474e-07, 4.869566544967328e-07, 2.08759545289645e-06, 1.4846245659191777e-06], "KTR Vmb CDF KS khi": [5.944607709246981e-07, 2.291503831945488e-06, 1.744052231594987e-05, 3.9548890235812e-06, 7.789644640185902e-06, 6.839501708318601e-06, 2.08759545289645e-06, 1.4846245659191777e-06], "KTR Vmb CDF KS glo": [0.9599999998375905, 0.571281455710808, 0.12280705940710607, 0.33770136686873176, 0.1338176689163059, 0.05902342100755988, 0.1174227533891705, 8.081937539249962e-10], "KTR Vmb CDF KS ghi": [1.0199999998385756, 1.011281455706365, 0.8628070593991137, 1.0177013668628663, 1.013817668907013, 0.8190234209994758, 0.1174227533891705, 8.081937539249962e-10], "EATR MLE k": [0.0011073972903111508, 7.600238668586772e-06, 8.720294930418993e-06, 2.5009980557406245e-06, 3.1304148875770357e-06, 2.6305886843749593e-06, 1.5444271668606194e-06, 1.7016712869076136e-06], "EATR MLE std k": [0.5603962698125794, 0.4462607265872455, 0.14731236052471633, 0.19765148623772127, 0.12911096481580359, 0.15333113324284234, 0.11307202492847611, 0.10123719406096336], "EATR MLE g": [5.9608609865491405e-06, 0.6424524472003643, 0.4784160142646626, 0.7245978876506983, 0.65553477172803, 0.6124267377061892, 0.8684348665502601, 0.5362502001488839], "EATR MLE std g": [0.21310835027148423, 0.2102871958597343, 0.09042927652590341, 0.11279050565193613, 0.09985920924380473, 0.1375939278315122, 0.16547891998327746, 0.28207880419979864], "EATR CDF k": [0.0008328794431128943, 3.740496269971718e-07, 1.9767372865195573e-06, 6.536649361367351e-07, 2.2274912110330883e-06, 1.7417900970809371e-06, 2.0706865038677164e-06, 1.4846504920937491e-06], "EATR CDF std k": [0.3339168243621855, 0.1205538617689693, 0.2702646804395507, 0.1332823951326159, 0.1587618881567136, 0.1538048238961405, 0.08268362923488493, 0.07736469187897378], "EATR CDF g": [6.590363563075966e-14, 0.9999979740979009, 0.7863466180687188, 0.9999999999999293, 0.745393450789934, 0.7790161346474227, 0.22733839560683547, 6.491838918345496e-09], "EATR CDF std g": [0.09949873991362354, 0.03062951363005481, 0.11693176178673204, 0.05760399241912107, 0.10860159665830538, 0.1296098169007433, 0.17025226413990432, 0.04998771635777832], "EATR CDF KS klo": [0.0008328794431128943, 3.740496269971718e-07, 6.055362609521026e-07, 5.937968297669562e-07, 9.489293654731467e-07, 9.070687440646125e-07, 2.0706865038677164e-06, 1.4846504920937491e-06], "EATR CDF KS khi": [0.0008328794431128943, 3.740496269971718e-07, 1.2551956683817028e-05, 2.9068500973030813e-06, 7.3745089833238575e-06, 6.634235114179432e-06, 2.0706865038677164e-06, 1.4846504920937491e-06], "EATR CDF KS glo": [6.590363563075966e-14, 0.9999979740979009, 0.3463466180687176, 0.6599999999997231, 0.2853934507899315, 0.13901613464741952, 0.22733839560683547, 6.491838918345496e-09], "EATR CDF KS ghi": [6.590363563075966e-14, 0.9999979740979009, 1.0063466180591292, 1.0199999999966993, 1.0053934507825633, 1.0190161346387328, 0.22733839560683547, 6.491838918345496e-09]}