{"iMetaD MLE k": [7.286825928629534e-16, 1.211669002932331e-10, 2.6310475564927957e-08, 1.5364251766472667e-07, 5.081847820708416e-07, 8.671530512958053e-07, 1.2453867054665283e-06, 1.0164701378254274e-06], "iMetaD MLE std k": [0.5327196464267892, 0.23083573158835055, 0.1608917669525953, 0.108891962513644, 0.08460739093488752, 0.07827525604996269, 0.046487507161783743, 0.03882886713916392], "iMetaD CDF k": [4.399262516119598e-12, 1.7056543503703536e-08, 4.158293868617379e-07, 5.664939073723534e-07, 8.315739084586741e-07, 1.0285086007663508e-06, 1.2572395802845984e-06, 1.0516307554742322e-06], "iMetaD CDF std k": [0.38540415454734667, 0.2021736826616656, 0.09949216149987511, 0.15688382142563645, 0.06945743417743239, 0.07731784906643543, 0.06381153906258509, 0.062428986971053084], "iMetaD CDF KS klo": [4.399262516119598e-12, 1.7056543503703536e-08, 4.158293868617379e-07, 5.664939073723534e-07, 6.6054263474875e-07, 1.0285086007663508e-06, 1.09500989827955e-06, 8.353400015776097e-07], "iMetaD CDF KS khi": [4.399262516119598e-12, 1.7056543503703536e-08, 4.158293868617379e-07, 5.664939073723534e-07, 9.997717348956604e-07, 1.2948156137536212e-06, 1.5827708563337145e-06, 1.2643382556565108e-06], "KTR Vmb MLE k": [0.00011558136502907503, 5.2184000999450435e-05, 1.2811264485407101e-05, 5.824846473234281e-06, 2.0009099085644023e-06, 2.2498173879036064e-06, 9.375549317399435e-07, 8.676587671565403e-07], "KTR Vmb MLE std k": [0.15197292936385276, 0.12915666956000027, 0.11807570901479786, 0.16898689405592404, 0.199748232758527, 0.18216388369250247, 0.1382868554116254, 0.12975223631731336], "KTR Vmb MLE g": [0.01082234185135285, 0.06766365891107365, 0.19974536420475716, 0.32303101320136335, 0.5366075470687781, 0.5548420958118816, 0.7995136241573497, 0.7704922055546084], "KTR Vmb MLE std g": [0.017059862819612706, 0.028751605383203573, 0.038341641558220944, 0.06053759185557234, 0.1002529474136369, 0.10057492785649183, 0.09591512896596334, 0.10238531943968791], "KTR Vmb CDF k": [0.00012663786678493845, 3.5496095319328684e-05, 7.181471555665179e-06, 5.660000904755516e-06, 9.655789780446284e-07, 2.168708546809289e-06, 1.151220911626724e-06, 8.372878881368909e-07], "KTR Vmb CDF std k": [0.1375909528294083, 0.16586736663191198, 0.19087645141945844, 0.13316623331302274, 0.23862027528543503, 0.18481893149433343, 0.1449742491125119, 0.1510542933793127], "KTR Vmb CDF g": [0.004641108641019121, 0.11688609892319313, 0.31749728770885505, 0.33757836755254994, 0.709900719437139, 0.5523909449629506, 0.7340889302256743, 0.7946978392479456], "KTR Vmb CDF std g": [0.015176240134997705, 0.044687153584706166, 0.07799918977811875, 0.05230948560553847, 0.11300616736633545, 0.10060535086656695, 0.13243665571984392, 0.1370795728843189], "KTR Vmb CDF KS klo": [3.208437790860073e-05, 1.3840603316254824e-05, 2.470366892066692e-06, 7.513871455421183e-07, 2.2933433097946564e-07, 7.791372927515327e-07, 5.660413394590196e-07, 5.077262245554519e-07], "KTR Vmb CDF KS khi": [0.0001760028049646696, 0.00010612277078938582, 2.254777392230364e-05, 1.9855809138932396e-05, 4.146792253369699e-06, 4.550485106815266e-06, 2.744986186403457e-06, 2.6070039072703565e-06], "KTR Vmb CDF KS glo": [-0.015358891358980881, -0.0031139010768077503, 0.11749728770885422, 0.0975783675525499, 0.3899007194371373, 0.35239094496276446, 0.3740889302252581, 0.254697839244023], "KTR Vmb CDF KS ghi": [0.08464110863101926, 0.21688609891319707, 0.4974972876991397, 0.6975783675444476, 1.0099007194272835, 0.8123909449529668, 1.0140889302185112, 1.0146978392421075], "EATR MLE k": [0.00012983111848339704, 6.855430011606654e-05, 2.317157047023442e-05, 1.1318266780125537e-05, 3.3498516947567945e-06, 2.790660862008363e-06, 1.6068498496508282e-06, 1.3553636441057254e-06], "EATR MLE std k": [0.1188782757751947, 0.09400851803175028, 0.11010284901997586, 0.12886028869828764, 0.15357291410674045, 0.15249760437171755, 0.11477706857634501, 0.1260478753107735], "EATR MLE g": [0.005677702395691663, 0.05912125469726179, 0.17691577286694654, 0.3274343224213665, 0.6180700333400424, 0.707864386757255, 0.8725536040757156, 0.8646390833040309], "EATR MLE std g": [0.016252220134292592, 0.030632196012495554, 0.056260282934079274, 0.06983551437543022, 0.08834890267304403, 0.10277607069710915, 0.11457934467048238, 0.1555633030873586], "EATR CDF k": [0.00012756318932158713, 4.623932538943368e-05, 8.874395350858639e-06, 5.2192068742341835e-06, 8.807472554856024e-07, 2.2036297969049383e-06, 1.2920367945658497e-06, 1.0287594694324298e-06], "EATR CDF std k": [0.14233359124433959, 0.18332776293213035, 0.26461740574251036, 0.1937523704353932, 0.14592660086073375, 0.1749728924006103, 0.09270472272383097, 0.0679577805819255], "EATR CDF g": [0.005038741350652594, 0.12400384425992399, 0.40905892237937774, 0.5098743098062847, 0.9536842508273364, 0.7506510369980999, 0.9681361449309316, 0.9999999999840778], "EATR CDF std g": [0.019659677158795682, 0.05852250750255572, 0.1398418044604628, 0.09101695333491465, 0.06967863480767943, 0.11091156552380503, 0.09153169633871322, 0.05150023520711431], "EATR CDF KS klo": [2.8948462607139246e-05, 2.232284679660093e-05, 4.500231092338484e-06, 6.892405312477644e-07, 6.765170883301073e-07, 9.603148400947154e-07, 1.1918439786366406e-06, 9.933740603080892e-07], "EATR CDF KS khi": [0.0001676713070641168, 0.00011349226668724299, 2.07675536972731e-05, 1.9459435054722304e-05, 3.715877365140755e-06, 4.57246204480846e-06, 2.718868508613976e-06, 2.607577476691954e-06], "EATR CDF KS glo": [-0.014961258649347522, -0.015996155740076033, 0.20905892237937762, 0.16987430980628215, 0.5936842508273346, 0.5106510369980992, 0.5681361449309303, 0.3999999999840754], "EATR CDF KS ghi": [0.10503874134065269, 0.22400384424992548, 0.549058922369598, 0.9098743097987957, 1.0136842508193564, 0.9906510369883003, 1.008136144925007, 1.0199999999828855]}