{"iMetaD MLE k": [1.27158895611472e-06, 7.708184914113797e-06, 3.6754496533724484e-05, 8.820411417958954e-05, 0.0002826817117705349, 0.0004788194439308242], "iMetaD MLE std k": [0.17403296542674332, 0.15071099426928278, 0.10172231257824171, 0.09539118245057421, 0.05127306613451994, 0.06898046993763325], "iMetaD CDF k": [2.4250392238074682e-05, 9.028636631664989e-05, 0.00015884198966859667, 0.00031169382112189735, 0.0005850222806772859, 0.0008891167686906167], "iMetaD CDF std k": [0.14997851994933237, 0.0974320548958376, 0.0888124648751193, 0.08050510384121239, 0.06392182540146522, 0.05702638578194028], "KTR Vmb MLE k": [0.017559725222459507, 0.009832433782211346, 0.005467163639193654, 0.004286477694913842, 0.0027079258153072535, 0.0027173393901406035], "KTR Vmb MLE std k": [0.1106373849763756, 0.08909270497298596, 0.10126267968554, 0.10433958136970249, 0.11080400980702851, 0.09855420076904425], "KTR Vmb MLE g": [0.16500415107135766, 0.22568193310705922, 0.3038549662380464, 0.3398037255673947, 0.4371286626113584, 0.44256724269019715], "KTR Vmb MLE std g": [0.024262778310518165, 0.027715967599744963, 0.03383082642404874, 0.04091372183316796, 0.04859723907673014, 0.054784815603179035], "KTR Vmb CDF k": [0.018569855459731645, 0.0071223265046453915, 0.00479836502703718, 0.0036638920357269004, 0.002557033027748871, 0.0022401067257603363], "KTR Vmb CDF std k": [0.1137758838204861, 0.13420828750774175, 0.1228852202136863, 0.11621459180573408, 0.1416029393580415, 0.12930964358093824], "KTR Vmb CDF g": [0.1642794036811796, 0.2785623664638462, 0.3305037094806065, 0.377537972476774, 0.4573292714282962, 0.5011730750601638], "KTR Vmb CDF std g": [0.027426590972139567, 0.04124992020400196, 0.045208461300589434, 0.0472074491658048, 0.06800669001060297, 0.07513981448983334], "EATR MLE k": [0.023527097202983963, 0.014282545503266103, 0.008013113638172113, 0.006214045212631688, 0.004029026251884271, 0.003776458092091232], "EATR MLE std k": [0.10425477363876058, 0.08362184857063122, 0.09063619318493302, 0.08978534455176276, 0.09375280340447367, 0.0819612260741313], "EATR MLE g": [0.1643997870594215, 0.2225492511217477, 0.3118323896827673, 0.3550107063475463, 0.4637574132431674, 0.48831979102343515], "EATR MLE std g": [0.02731421381719871, 0.031090182324054142, 0.03650909116941077, 0.04239185959669002, 0.050902700088725945, 0.0602435371705013], "EATR CDF k": [0.02377530330280252, 0.010343081627279127, 0.00696797516290285, 0.005338821239063034, 0.003679028009767345, 0.003166570240969329], "EATR CDF std k": [0.09897851851538197, 0.11262469629569956, 0.10532827340922926, 0.10063612116692085, 0.11779579541054026, 0.10334535316649077], "EATR CDF g": [0.16900031067303434, 0.28572244515040407, 0.3454031640546526, 0.40027708471139833, 0.49925875110209256, 0.5599349292272751], "EATR CDF std g": [0.0281881380469738, 0.04137359768605941, 0.046572424803086036, 0.04991031466189121, 0.06933059916366946, 0.07681028541537058]}