{"iMetaD MLE k": [0.33222234841677273, 0.1697729474175051, 0.1635228943727542, 0.07421383683214232, 0.05304767875828182, 0.03701009361704362], "iMetaD MLE std k": [], "iMetaD CDF k": [0.37428207961557947, 0.1765801165553556, 0.18145315841205953, 0.08208706490436754, 0.06252893146391901, 0.05184891995073215], "iMetaD CDF std k": [], "KTR Vmb MLE k": [3.148265988462658, 0.26033276605383093, 1.7409823273278617, 2.031737118432499, 0.5062955114602572, 1.1123762789704095], "KTR Vmb MLE std k": [], "KTR Vmb MLE g": [5.9608609865491405e-06, 0.6793700159687033, 0.2828024773220705, 0.20077728024416047, 0.44109707455240144, 0.3253169505736827], "KTR Vmb MLE std g": [], "KTR Vmb CDF k": [3.3194079837500263, 1.5756715346950765, 0.06299534354162283, 0.02485697905532164, 0.01647789166528396, 0.01127922644982142], "KTR Vmb CDF std k": [], "KTR Vmb CDF g": [2.101655778356489e-10, 0.20640027721542747, 0.9999999998974429, 0.9999999192621354, 0.9999999998990043, 0.9999999998999798], "KTR Vmb CDF std g": [], "EATR MLE k": [3.1482799384933724, 3.5479894413516475, 6.598324841326416, 6.298398246538953, 8.753445071453598, 11.788484017582613], "EATR MLE std k": [], "EATR MLE g": [5.9608609865491405e-06, 5.9608609865491405e-06, 5.9608609865491405e-06, 5.9608609865491405e-06, 5.9608609865491405e-06, 5.9608609865491405e-06], "EATR MLE std g": [], "EATR CDF k": [3.319194157479045, 1.6142215201471508, 2.7567358618794127, 6.232516238000702, 3.6069445943470733, 0.07276029601629032], "EATR CDF std k": [], "EATR CDF g": [2.726317868102222e-07, 0.2824775220535187, 0.28099523811057103, 1.1150015796027633e-08, 0.22557901535510164, 0.9456030459716896], "EATR CDF std g": []}